Fonte,Titulo,Link,Duracao,Area,Categoria_NLP,Cluster_ID
FGV Online,Planejamento e Estratégia para Gestão Escolar,https://educacao-executiva.fgv.br/cursos/online/curta-media-duracao-online/planejamento-e-estrategia-para-gestao-escolar,10 horas/aula,Educação e Humanidades,"Educação, Mídia e Habilidades Digitais",1
FGV Online,Segurança Digital,https://educacao-executiva.fgv.br/cursos/online/curta-media-duracao-online/seguranca-digital,5 horas/aula,Educação e Humanidades,"Educação, Mídia e Habilidades Digitais",1
FGV Online,Ofensas e Ódio na Internet,https://educacao-executiva.fgv.br/cursos/online/curta-media-duracao-online/ofensas-e-odio-na-internet,5 horas/aula,Educação e Humanidades,"Educação, Mídia e Habilidades Digitais",1
FGV Online,Relação entre Coaching e Mentoring,https://educacao-executiva.fgv.br/cursos/online/curta-media-duracao-online/coaching-e-mentoring-1,5 horas/aula,Liderança e Pessoas,Gestão Empresarial e Vendas,0
FGV Online,Saúde Física e Mental na Internet,https://educacao-executiva.fgv.br/cursos/online/curta-media-duracao-online/saude-fisica-e-mental-na-internet,5 horas/aula,Educação e Humanidades,"Educação, Mídia e Habilidades Digitais",1
FGV Online,Direito Penal e Econômico,https://educacao-executiva.fgv.br/cursos/online/curta-media-duracao-online/direito-penal-e-economico,2 horas/aula,Direito,Direito e Legislação Social,5
FGV Online,Proteção de Dados,https://educacao-executiva.fgv.br/cursos/online/curta-media-duracao-online/protecao-de-dados,5 horas/aula,Educação e Humanidades,"Educação, Mídia e Habilidades Digitais",1
FGV Online,Superexposição na Internet,https://educacao-executiva.fgv.br/cursos/online/curta-media-duracao-online/superexposicao-na-internet,5 horas/aula,Educação e Humanidades,"Educação, Mídia e Habilidades Digitais",1
FGV Online,Cyberbullying,https://educacao-executiva.fgv.br/cursos/online/curta-media-duracao-online/cyberbullying,5 horas/aula,Educação e Humanidades,"Educação, Mídia e Habilidades Digitais",1
FGV Online,Finanças Públicas,https://educacao-executiva.fgv.br/cursos/online/curta-media-duracao-online/financas-publicas,2 horas/aula,Direito,Direito e Legislação Social,5
FGV Online,Democracia Digital,https://educacao-executiva.fgv.br/cursos/online/curta-media-duracao-online/democracia-digital,5 horas/aula,Educação e Humanidades,"Educação, Mídia e Habilidades Digitais",1
FGV Online,Liberdade de Expressão,https://educacao-executiva.fgv.br/cursos/online/curta-media-duracao-online/liberdade-de-expressao,5 horas/aula,Educação e Humanidades,"Educação, Mídia e Habilidades Digitais",1
FGV Online,Negociação e Formação do Contrato,https://educacao-executiva.fgv.br/cursos/online/curta-media-duracao-online/negociacao-e-formacao-do-contrato,5 horas/aula,Direito,Direito e Legislação Social,5
FGV Online,Dados para o Bem,https://educacao-executiva.fgv.br/cursos/online/curta-media-duracao-online/dados-para-o-bem,5 horas/aula,Educação e Humanidades,"Educação, Mídia e Habilidades Digitais",1
FGV Online,Direito Tributário,https://educacao-executiva.fgv.br/cursos/online/curta-media-duracao-online/direito-tributario-2,2 horas/aula,Direito,Direito e Legislação Social,5
FGV Online,Introdução à Ciência de Dados,https://educacao-executiva.fgv.br/cursos/online/curta-media-duracao-online/introducao-ciencia-de-dados,60 horas/aula,Tecnologia e Ciência de Dados,Ciência de Dados e Análise,4
FGV Online,A Atenção Primária em Saúde (APS) na Resposta à Pandemia de COVID-19,https://educacao-executiva.fgv.br/cursos/online/curta-media-duracao-online/atencao-primaria-em-saude-aps-na-resposta-pandemia-de-covid-19,1 horas/aula,Gestão de Setores Específicos,Gestão Empresarial e Vendas,0
FGV Online,Direitos e Deveres do Cidadão em Tempos de COVID-19,https://educacao-executiva.fgv.br/cursos/online/curta-media-duracao-online/direitos-e-deveres-do-cidadao-em-tempos-de-covid-19,1 horas/aula,Gestão de Setores Específicos,Gestão Empresarial e Vendas,0
FGV Online,Gestão de Pessoas: Impactos da Pandemia para os Profissionais de Saúde,https://educacao-executiva.fgv.br/cursos/online/curta-media-duracao-online/gestao-de-pessoas-impactos-da-pandemia-para-os-profissionais-de-saude,1 horas/aula,Gestão de Setores Específicos,Gestão Empresarial e Vendas,0
FGV Online,Gestão de Suprimentos em Tempos de Pandemia,https://educacao-executiva.fgv.br/cursos/online/curta-media-duracao-online/gestao-de-suprimentos-em-tempos-de-pandemia,1 horas/aula,Gestão de Setores Específicos,Gestão Empresarial e Vendas,0
FGV Online,Governança do Sistema de Saúde em Tempos de Pandemia,https://educacao-executiva.fgv.br/cursos/online/curta-media-duracao-online/governanca-do-sistema-de-saude-em-tempos-de-pandemia,1 horas/aula,Gestão de Setores Específicos,Gestão Empresarial e Vendas,0
FGV Online,Intimidade na Internet,https://educacao-executiva.fgv.br/cursos/online/curta-media-duracao-online/intimidade-na-internet,5 horas/aula,Educação e Humanidades,"Educação, Mídia e Habilidades Digitais",1
FGV Online,Saúde e Economia: Impacto da COVID-19 e Perspectivas para o Brasil,https://educacao-executiva.fgv.br/cursos/online/curta-media-duracao-online/saude-e-economia-impacto-da-covid-19-e-perspectivas-para-o-brasil,1 horas/aula,Gestão de Setores Específicos,Gestão Empresarial e Vendas,0
FGV Online,O Sistema de Saúde em Tempos de Pandemia,https://educacao-executiva.fgv.br/cursos/online/curta-media-duracao-online/o-sistema-de-saude-em-tempos-de-pandemia,1 horas/aula,Gestão de Setores Específicos,Gestão Empresarial e Vendas,0
FGV Online,Acesso à Informação,https://educacao-executiva.fgv.br/cursos/online/curta-media-duracao-online/acesso-informacao,5 horas/aula,Educação e Humanidades,"Educação, Mídia e Habilidades Digitais",1
FGV Online,Introdução aos Conceitos de Gênero,https://educacao-executiva.fgv.br/cursos/online/curta-media-duracao-online/introducao-aos-conceitos-de-genero,5 horas/aula,Educação e Humanidades,"Educação, Mídia e Habilidades Digitais",1
FGV Online,Liderança em Cenários Turbulentos: Revigorando as Equipes de Saúde no Enfrentamento da COVID-19,https://educacao-executiva.fgv.br/cursos/online/curta-media-duracao-online/lideranca-em-cenarios-turbulentos-revigorando-equipes-de-saude-no-enfrentamento-da-covid-19,1 horas/aula,Gestão de Setores Específicos,Gestão Empresarial e Vendas,0
FGV Online,Conceito de Tempo,https://educacao-executiva.fgv.br/cursos/online/curta-media-duracao-online/conceito-de-tempo,2 horas/aula,Educação e Humanidades,"Educação, Mídia e Habilidades Digitais",1
FGV Online,Aspectos Conceituais Associados ao Processo de Negociação,https://educacao-executiva.fgv.br/cursos/online/curta-media-duracao-online/aspectos-conceituais-associados-ao-processo-de-negociacao,5 horas/aula,Estratégia e Negócios,Estratégia de Negócios e Projetos,7
FGV Online,Alinhamento entre Vendas e Marketing,https://educacao-executiva.fgv.br/cursos/online/curta-media-duracao-online/alinhamento-entre-vendas-e-marketing,5 horas/aula,Marketing e Vendas,Gestão Empresarial e Vendas,0
FGV Online,Fundamentos do Marketing de Serviços,https://educacao-executiva.fgv.br/cursos/online/curta-media-duracao-online/fundamentos-do-marketing-de-servicos,5 horas/aula,Marketing e Vendas,Gestão Empresarial e Vendas,0
FGV Online,Conceitos e Características dos Projetos,https://educacao-executiva.fgv.br/cursos/online/curta-media-duracao-online/conceitos-e-caracteristicas-dos-projetos,5 horas/aula,Estratégia e Negócios,Estratégia de Negócios e Projetos,7
FGV Online,Termos de Uso e Políticas de Privacidade,https://educacao-executiva.fgv.br/cursos/online/curta-media-duracao-online/termos-de-uso-e-politicas-de-privacidade,5 horas/aula,Educação e Humanidades,"Educação, Mídia e Habilidades Digitais",1
FGV Online,Exploração e Abusos na Internet,https://educacao-executiva.fgv.br/cursos/online/curta-media-duracao-online/exploracao-e-abusos-na-internet,5 horas/aula,Educação e Humanidades,"Educação, Mídia e Habilidades Digitais",1
FGV Online,Inclusão Social na Internet,https://educacao-executiva.fgv.br/cursos/online/curta-media-duracao-online/inclusao-social-na-internet,5 horas/aula,Educação e Humanidades,"Educação, Mídia e Habilidades Digitais",1
FGV Online,Pesquisa de Mercado,https://educacao-executiva.fgv.br/cursos/online/curta-media-duracao-online/pesquisa-de-mercado-1,5 horas/aula,Marketing e Vendas,Gestão Empresarial e Vendas,0
FGV Online,Influência dos Fatores Mercadológicos na Decisão de Preços,https://educacao-executiva.fgv.br/cursos/online/curta-media-duracao-online/influencia-dos-fatores-mercadologicos-na-decisao-de-precos,5 horas/aula,Marketing e Vendas,Gestão Empresarial e Vendas,0
FGV Online,Publicidade e Consumo On-line,https://educacao-executiva.fgv.br/cursos/online/curta-media-duracao-online/publicidade-e-consumo-line,5 horas/aula,Educação e Humanidades,"Educação, Mídia e Habilidades Digitais",1
FGV Online,Premissas Básicas para Produção de Material Educativo,https://educacao-executiva.fgv.br/cursos/online/curta-media-duracao-online/premissas-basicas-para-producao-de-material-educativo,1 horas/aula,Educação e Humanidades,"Educação, Mídia e Habilidades Digitais",1
FGV Online,Criação de Novos Produtos,https://educacao-executiva.fgv.br/cursos/online/curta-media-duracao-online/criacao-de-novos-produtos,5 horas/aula,Marketing e Vendas,Gestão Empresarial e Vendas,0
FGV Online,Direitos Autorais na Produção de Material Didático,https://educacao-executiva.fgv.br/cursos/online/curta-media-duracao-online/direitos-autorais-na-producao-de-material-didatico,1 horas/aula,Educação e Humanidades,"Educação, Mídia e Habilidades Digitais",1
FGV Online,Experiência do Paciente: A Importância na Saúde Pública e Privada em Tempos de Transformação,https://educacao-executiva.fgv.br/cursos/online/curta-media-duracao-online/experiencia-do-paciente-importancia-na-saude-publica-e-privada-em-tempos-de-transformacao,1 horas/aula,Gestão de Setores Específicos,Gestão Empresarial e Vendas,0
FGV Online,Gestão de Pessoas: Liderança em Tempos de Incerteza,https://educacao-executiva.fgv.br/cursos/online/curta-media-duracao-online/gestao-de-pessoas-lideranca-em-tempos-de-incerteza,1 horas/aula,Gestão de Setores Específicos,Gestão Empresarial e Vendas,0
FGV Online,Inovação em Saúde: Propósitos e Desafios nas Organizações,https://educacao-executiva.fgv.br/cursos/online/curta-media-duracao-online/inovacao-em-saude-propositos-e-desafios-nas-organizacoes,1 horas/aula,Gestão de Setores Específicos,Gestão Empresarial e Vendas,0
FGV Online,Metodologias Ativas,https://educacao-executiva.fgv.br/cursos/online/curta-media-duracao-online/metodologias-ativas,1 horas/aula,Educação e Humanidades,"Educação, Mídia e Habilidades Digitais",1
FGV Online,"O Papel do Hospital no Sistema de Saúde, no Brasil Pós-pandemia",https://educacao-executiva.fgv.br/cursos/online/curta-media-duracao-online/o-papel-do-hospital-no-sistema-de-saude-no-brasil-pos-pandemia,1 horas/aula,Gestão de Setores Específicos,Gestão Empresarial e Vendas,0
FGV Online,Saúde Populacional e Determinantes Sociais: Desafios Emergentes Pós-pandemia,https://educacao-executiva.fgv.br/cursos/online/curta-media-duracao-online/saude-populacional-e-determinantes-sociais-desafios-emergentes-pos-pandemia,1 horas/aula,Gestão de Setores Específicos,Gestão Empresarial e Vendas,0
FGV Online,Um Panorama sobre Economia da Saúde: Desenvolvimento de Sistemas de Saúde e Perspectivas para o Futuro,https://educacao-executiva.fgv.br/cursos/online/curta-media-duracao-online/um-panorama-sobre-economia-da-saude-desenvolvimento-de-sistemas-de-saude-e-perspectivas-para-o-futuro,1 horas/aula,Gestão de Setores Específicos,Gestão Empresarial e Vendas,0
FGV Online,Marketing Contemporâneo na Saúde: Como Estar Preparado para Essa Transformação?,https://educacao-executiva.fgv.br/cursos/online/curta-media-duracao-online/marketing-contemporaneo-na-saude-como-estar-preparado-para-essa-transformacao,1 horas/aula,Gestão de Setores Específicos,Gestão Empresarial e Vendas,0
FGV Online,Performance na Tela,https://educacao-executiva.fgv.br/cursos/online/curta-media-duracao-online/performance-na-tela,1 horas/aula,Educação e Humanidades,"Educação, Mídia e Habilidades Digitais",1
FGV Online,"Produtos, Serviços e Experiências",https://educacao-executiva.fgv.br/cursos/online/curta-media-duracao-online/produtos-servicos-e-experiencias,5 horas/aula,Marketing e Vendas,Gestão Empresarial e Vendas,0
FGV Online,Design Thinking Aplicado à Área da Saúde,https://educacao-executiva.fgv.br/cursos/online/curta-media-duracao-online/design-thinking-aplicado-area-da-saude,1 horas/aula,Gestão de Setores Específicos,Gestão Empresarial e Vendas,0
FGV Online,Objetivos de aprendizagem referenciados pela BNCC de Matemática: estratégias de composição e avaliação de percursos formativos on-line,https://educacao-executiva.fgv.br/cursos/online/curta-media-duracao-online/objetivos-de-aprendizagem-referenciados-pela-bncc-de-matematica-estrategias-de-composicao-e-avaliacao-de-percursos-formativos-line,1 horas/aula,Educação e Humanidades,"Educação, Mídia e Habilidades Digitais",1
FGV Online,Recursos Digitais e o Ensino de Linguagens à Luz da Base Nacional Comum Curricular,https://educacao-executiva.fgv.br/cursos/online/curta-media-duracao-online/recursos-digitais-e-o-ensino-de-linguagens-luz-da-base-nacional-comum-curricular,1 horas/aula,Educação e Humanidades,"Educação, Mídia e Habilidades Digitais",1
FGV Online,Trabalho e Desigualdade: Uma Proposta à Luz da BNCC,https://educacao-executiva.fgv.br/cursos/online/curta-media-duracao-online/recursos-digitais-e-ensino-das-ciencias-humanas-luz-da-base-nacional-comum-curricular,1 horas/aula,Educação e Humanidades,"Educação, Mídia e Habilidades Digitais",1
FGV Online,Recursos Digitais e o Ensino das Ciências da Natureza à Luz da Base Nacional Comum Curricular,https://educacao-executiva.fgv.br/cursos/online/curta-media-duracao-online/recursos-digitais-e-o-ensino-das-ciencias-da-natureza-luz-da-base-nacional-comum-curricular,1 horas/aula,Educação e Humanidades,"Educação, Mídia e Habilidades Digitais",1
FGV Online,Introdução à Organização de Dados para Análise Multivariada,https://educacao-executiva.fgv.br/cursos/online/curta-media-duracao-online/introducao-organizacao-de-dados-para-analise-multivariada,5 horas/aula,Tecnologia e Ciência de Dados,Ciência de Dados e Análise,4
FGV Online,Introdução às Técnicas de Análise Fatorial e Conjunta de Dados,https://educacao-executiva.fgv.br/cursos/online/curta-media-duracao-online/introducao-tecnicas-de-analise-fatorial-e-conjunta-de-dados,5 horas/aula,Tecnologia e Ciência de Dados,Ciência de Dados e Análise,4
FGV Online,Introdução à Cultura e Identidade do Surdo,https://educacao-executiva.fgv.br/cursos/online/curta-media-duracao-online/introducao-cultura-e-identidade-do-surdo,5 horas/aula,Educação e Humanidades,"Educação, Mídia e Habilidades Digitais",1
FGV Online,Introdução à Fonte de Energia Heliotérmica,https://educacao-executiva.fgv.br/cursos/online/curta-media-duracao-online/introducao-fonte-de-energia-heliotermica,24 horas/aula,Gestão de Setores Específicos,Gestão Empresarial e Vendas,0
FGV Online,Introdução à Metodologia da Pesquisa,https://educacao-executiva.fgv.br/cursos/online/curta-media-duracao-online/introducao-metodologia-da-pesquisa,5 horas/aula,Educação e Humanidades,"Educação, Mídia e Habilidades Digitais",1
FGV Online,Matemática: Conceitos Gerais sobre Funções,https://educacao-executiva.fgv.br/cursos/online/curta-media-duracao-online/matematica-conceitos-gerais-sobre-funcoes,5 horas/aula,Economia e Finanças,Economia e Análise Financeira,3
FGV Online,Tópicos em Machine Learning,https://educacao-executiva.fgv.br/cursos/online/curta-media-duracao-online/topicos-em-machine-learning,10 horas/aula,Tecnologia e Ciência de Dados,Ciência de Dados e Análise,4
FGV Online,Monitoramento e Avaliação de Políticas Públicas,https://educacao-executiva.fgv.br/cursos/online/curta-media-duracao-online/monitoramento-e-avaliacao-de-politicas-publicas,24 horas/aula,Administração Pública,Gestão Empresarial e Vendas,0
FGV Online,Empreendedorismo para o Mercado Financeiro,https://educacao-executiva.fgv.br/cursos/online/curta-media-duracao-online/empreendedorismo-para-o-mercado-financeiro,8 horas/aula,Economia e Finanças,Economia e Análise Financeira,3
FGV Online,Introdução à Avaliação de Empresas,https://educacao-executiva.fgv.br/cursos/online/curta-media-duracao-online/introducao-avaliacao-de-empresas,10 horas/aula,Estratégia e Negócios,Estratégia de Negócios e Projetos,7
FGV Online,Opções Reais e Geração de Valor na Tomada de Decisão,https://educacao-executiva.fgv.br/cursos/online/curta-media-duracao-online/opcoes-reais-e-geracao-de-valor-na-tomada-de-decisao,10 horas/aula,Estratégia e Negócios,Estratégia de Negócios e Projetos,7
FGV Online,"Política Industrial: Argumentos, Instrumentos e Incentivos à Indústria Heliotérmica no Brasil",https://educacao-executiva.fgv.br/cursos/online/curta-media-duracao-online/politica-industrial-argumentos-instrumentos-e-incentivos-industria-heliotermica-no-brasil,24 horas/aula,Gestão de Setores Específicos,Gestão Empresarial e Vendas,0
FGV Online,Introdução ao Uso da Ferramenta SAM,https://educacao-executiva.fgv.br/cursos/online/curta-media-duracao-online/introducao-ao-uso-da-ferramenta-sam,12 horas/aula,Gestão de Setores Específicos,Gestão Empresarial e Vendas,0
FGV Online,Ferramentas de Mensuração dos Impactos Socioeconômicos de Políticas Públicas e Incentivos às Fontes Renováveis de Energia,https://educacao-executiva.fgv.br/cursos/online/curta-media-duracao-online/ferramentas-de-mensuracao-dos-impactos-socioeconomicos-de-politicas-publicas-e-incentivos-fontes-renovaveis-de-energia,12 horas/aula,Gestão de Setores Específicos,Gestão Empresarial e Vendas,0
FGV Online,Solarimetria e Estudo de Localização Ótima de Usinas Solares Termoelétricas,https://educacao-executiva.fgv.br/cursos/online/curta-media-duracao-online/solarimetria-e-estudo-de-localizacao-otima-de-usinas-solares-termoeletricas,24 horas/aula,Gestão de Setores Específicos,Gestão Empresarial e Vendas,0
FGV Online,Desenvolvendo Apresentações Sensacionais,https://educacao-executiva.fgv.br/cursos/online/curta-media-duracao-online/desenvolvendo-apresentacoes-sensacionais,5 horas/aula,Estratégia e Negócios,Estratégia de Negócios e Projetos,7
FGV Online,Elaboração de Pitch,https://educacao-executiva.fgv.br/cursos/online/curta-media-duracao-online/elaboracao-de-pitch,5 horas/aula,Estratégia e Negócios,Estratégia de Negócios e Projetos,7
FGV Online,Cultura: Uma Análise Introdutória,https://educacao-executiva.fgv.br/cursos/online/curta-media-duracao-online/cultura-uma-analise-introdutoria,2 horas/aula,Educação e Humanidades,"Educação, Mídia e Habilidades Digitais",1
FGV Online,Racionalização: Conceitos Elementares,https://educacao-executiva.fgv.br/cursos/online/curta-media-duracao-online/racionalizacao-conceitos-elementares,2 horas/aula,Educação e Humanidades,"Educação, Mídia e Habilidades Digitais",1
FGV Online,Política Externa do Japão: Inserção Internacional e Relações Bilaterais,https://educacao-executiva.fgv.br/cursos/online/curta-media-duracao-online/politica-externa-do-japao-insercao-internacional-e-relacoes-bilaterais,30 horas/aula,Relações Internacionais,Gestão Empresarial e Vendas,0
FGV Online,Política Externa do Japão: Aspectos Institucionais e Evolução Histórica,https://educacao-executiva.fgv.br/cursos/online/curta-media-duracao-online/politica-externa-do-japao-aspectos-institucionais-e-evolucao-historica,30 horas/aula,Relações Internacionais,Gestão Empresarial e Vendas,0
FGV Online,Cibercultura e Transformação Digital: Impactos para a Educação Corporativa,https://educacao-executiva.fgv.br/cursos/online/curta-media-duracao-online/cibercultura-e-transformacao-digital-impactos-para-educacao-corporativa,5 horas/aula,Educação e Humanidades,"Educação, Mídia e Habilidades Digitais",1
FGV Online,Storytelling e Técnicas de Apresentação: Conceitos Gerais de Comunicação,https://educacao-executiva.fgv.br/cursos/online/curta-media-duracao-online/storytelling-e-tecnicas-de-apresentacao-conceitos-gerais-de-comunicacao,5 horas/aula,Marketing e Vendas,Gestão Empresarial e Vendas,0
FGV Online,Autoconhecimento: a Base para Inteligência Emocional e Resiliência,https://educacao-executiva.fgv.br/cursos/online/curta-media-duracao-online/autoconhecimento-base-para-inteligencia-emocional-e-resiliencia,5 horas/aula,Liderança e Pessoas,Gestão Empresarial e Vendas,0
FGV Online,Gestão Enxuta e Lean: Desafios da Implantação,https://educacao-executiva.fgv.br/cursos/online/curta-media-duracao-online/gestao-enxuta-e-lean-desafios-da-implantacao,5 horas/aula,Estratégia e Negócios,Estratégia de Negócios e Projetos,7
FGV Online,Introdução à Matemática Financeira: Regimes de Capitalização,https://educacao-executiva.fgv.br/cursos/online/curta-media-duracao-online/introducao-matematica-financeira-regimes-de-capitalizacao,8 horas/aula,Economia e Finanças,Economia e Análise Financeira,3
FGV Online,Como variáveis macroeconômicas interagem entre si? Estudando alguns modelos,https://educacao-executiva.fgv.br/cursos/online/curta-media-duracao-online/como-variaveis-macroeconomicas-interagem-entre-si-estudando-alguns-modelos,5 horas/aula,Economia e Finanças,Economia e Análise Financeira,3
FGV Online,História Oral,https://educacao-executiva.fgv.br/cursos/online/curta-media-duracao-online/historia-oral,2 horas/aula,Educação e Humanidades,"Educação, Mídia e Habilidades Digitais",1
FGV Online,O Impacto Transformador do Esporte Paralímpico para a Inclusão Social,https://educacao-executiva.fgv.br/cursos/online/curta-media-duracao-online/o-impacto-transformador-do-esporte-paraolimpico-para-inclusao-social,1 horas/aula,Gestão de Setores Específicos,Gestão Empresarial e Vendas,0
FGV Online,Instituições Pró-Ética: Órgãos de Controle,https://educacao-executiva.fgv.br/cursos/online/curta-media-duracao-online/instituicoes-pro-etica-orgaos-de-controle,8 horas/aula,Administração Pública,Gestão Empresarial e Vendas,0
FGV Online,O mercado de trabalho no esporte,https://educacao-executiva.fgv.br/cursos/online/curta-media-duracao-online/o-mercado-de-trabalho-no-esporte,1 horas/aula,Gestão de Setores Específicos,Gestão Empresarial e Vendas,0
FGV Online,Álgebra Linear e Ciência de Dados,https://educacao-executiva.fgv.br/cursos/online/curta-media-duracao-online/algebra-linear-e-ciencia-de-dados,5 horas/aula,Tecnologia e Ciência de Dados,Ciência de Dados e Análise,4
FGV Online,Interpretações do Brasil,https://educacao-executiva.fgv.br/cursos/online/curta-media-duracao-online/interpretacoes-do-brasil-serie-conceitos,2 horas/aula,Educação e Humanidades,"Educação, Mídia e Habilidades Digitais",1
FGV Online,Humanidades Digitais,https://educacao-executiva.fgv.br/cursos/online/curta-media-duracao-online/humanidades-digitais,2 horas/aula,Educação e Humanidades,"Educação, Mídia e Habilidades Digitais",1
FGV Online,Introdução ao Scrum,https://educacao-executiva.fgv.br/cursos/online/curta-media-duracao-online/introducao-ao-scrum,6 horas/aula,Estratégia e Negócios,Estratégia de Negócios e Projetos,7
FGV Online,Linguagem R: Introdução à Programação e Automação,https://educacao-executiva.fgv.br/cursos/online/curta-media-duracao-online/linguagem-r-introducao-programacao-e-automacao,9 horas/aula,Tecnologia e Ciência de Dados,Ciência de Dados e Análise,4
FGV Online,Liderança na Era das Competências,https://educacao-executiva.fgv.br/cursos/online/curta-media-duracao-online/lideranca-na-era-das-competencias,6 horas/aula,Liderança e Pessoas,Gestão Empresarial e Vendas,0
FGV Online,Análise Microeconômica: Impactos no Funcionamento do Mercado e na Sociedade,https://educacao-executiva.fgv.br/cursos/online/curta-media-duracao-online/analise-microeconomica-impactos-no-funcionamento-do-mercado-e-na-sociedade,7 horas/aula,Economia e Finanças,Economia e Análise Financeira,3
FGV Online,Cibersegurança: Anatomia Clássica de um Ciberataque,https://educacao-executiva.fgv.br/cursos/online/curta-media-duracao-online/ciberseguranca-anatomia-classica-de-um-ciberataque,9 horas/aula,Tecnologia e Ciência de Dados,Ciência de Dados e Análise,4
FGV Online,"Empregabilidade, Trabalhabilidade e Carreira",https://educacao-executiva.fgv.br/cursos/online/curta-media-duracao-online/empregabilidade-trabalhabilidade-e-carreira,13 horas/aula,Liderança e Pessoas,Gestão Empresarial e Vendas,0
FGV Online,Fundamentos do Neurobusiness,https://educacao-executiva.fgv.br/cursos/online/curta-media-duracao-online/fundamentos-do-neurobusiness,7 horas/aula,Estratégia e Negócios,Estratégia de Negócios e Projetos,7
FGV Online,Mercados B2B e B2C: Características e Diferenças,https://educacao-executiva.fgv.br/cursos/online/curta-media-duracao-online/mercados-b2b-e-b2c-caracteristicas-e-diferencas,5 horas/aula,Marketing e Vendas,Gestão Empresarial e Vendas,0
FGV Online,Fundamentos para Elaboração de Planejamento de Vendas,https://educacao-executiva.fgv.br/cursos/online/curta-media-duracao-online/fundamentos-para-elaboracao-de-planejamento-de-vendas,5 horas/aula,Marketing e Vendas,Gestão Empresarial e Vendas,0
FGV Online,Empreendedorismo no Esporte,https://educacao-executiva.fgv.br/cursos/online/curta-media-duracao-online/empreendedorismo-no-esporte,4 horas/aula,Gestão de Setores Específicos,Gestão Empresarial e Vendas,0
FGV Online,Turnaround de Entidades Esportivas,https://educacao-executiva.fgv.br/cursos/online/curta-media-duracao-online/turnaround-de-entidades-esportivas,1 horas/aula,Gestão de Setores Específicos,Gestão Empresarial e Vendas,0
FGV Online,Mecanismos de Pesquisas em Ambientes Digitais,https://educacao-executiva.fgv.br/cursos/online/curta-media-duracao-online/mecanismos-de-pesquisas-em-ambientes-digitais,13 horas/aula,Estratégia e Negócios,Estratégia de Negócios e Projetos,7
FGV Online,A Corte Portuguesa no Rio de Janeiro: Aspectos Decisivos do Pré-Independência,https://educacao-executiva.fgv.br/cursos/online/curta-media-duracao-online/corte-portuguesa-no-rio-de-janeiro-aspectos-decisivos-do-pre-independencia,1 horas/aula,Educação e Humanidades,"Educação, Mídia e Habilidades Digitais",1
FGV Online,Avaliação da Localização das Fontes Renováveis de Energia no Sistema de Transmissão de Energia Elétrica,https://educacao-executiva.fgv.br/cursos/online/curta-media-duracao-online/avaliacao-da-localizacao-das-fontes-renovaveis-de-energia-no-sistema-de-transmissao-de-energia-eletrica,15 horas/aula,Gestão de Setores Específicos,Gestão Empresarial e Vendas,0
FGV Online,Aspectos Comerciais do Setor Elétrico Brasileiro: do Modelo Setorial à Definição de Tarifas,https://educacao-executiva.fgv.br/cursos/online/curta-media-duracao-online/aspectos-comerciais-do-setor-eletrico-brasileiro-do-modelo-setorial-definicao-de-tarifas,12 horas/aula,Gestão de Setores Específicos,Gestão Empresarial e Vendas,0
FGV Online,"Teoria Crítica, Feminismo e Antirracismo",https://educacao-executiva.fgv.br/cursos/online/curta-media-duracao-online/teoria-critica-antirracismo-e-feminismo,5 horas/aula,Educação e Humanidades,"Educação, Mídia e Habilidades Digitais",1
FGV Online,Políticas Públicas de Gestão de Risco e Resposta a Desastres em Nível Municipal,https://educacao-executiva.fgv.br/cursos/online/curta-media-duracao-online/politicas-publicas-de-gestao-de-risco-e-resposta-desastres-em-nivel-municipal,8 horas/aula,Administração Pública,Gestão Empresarial e Vendas,0
FGV Online,Além do Cânone,https://educacao-executiva.fgv.br/cursos/online/curta-media-duracao-online/alem-do-canone,8 horas/aula,Educação e Humanidades,"Educação, Mídia e Habilidades Digitais",1
FGV Online,Aspectos Básicos do Ecossistema de Fintechs e Pagamentos Digitais,https://educacao-executiva.fgv.br/cursos/online/curta-media-duracao-online/aspectos-basicos-do-ecossistema-de-fintechs-e-pagamentos-digitais,1 horas/aula,Economia e Finanças,Economia e Análise Financeira,3
FGV Online,Negócios Baseados em Plataformas Digitais,https://educacao-executiva.fgv.br/cursos/online/curta-media-duracao-online/negocios-baseados-em-plataformas-digitais,1 horas/aula,Economia e Finanças,Economia e Análise Financeira,3
FGV Online,Sociologias Fora do Eixo,https://educacao-executiva.fgv.br/cursos/online/curta-media-duracao-online/sociologias-fora-do-eixo,6 horas/aula,Educação e Humanidades,"Educação, Mídia e Habilidades Digitais",1
FGV Online,A Escravidão na Formação do Estado Brasileiro (1823-1870),https://educacao-executiva.fgv.br/cursos/online/curta-media-duracao-online/escravidao-na-formacao-do-estado-brasileiro-1823-1870,1 horas/aula,Educação e Humanidades,"Educação, Mídia e Habilidades Digitais",1
FGV Online,Introdução à Ética e à Inovação Responsável com Dados,https://educacao-executiva.fgv.br/cursos/online/curta-media-duracao-online/introducao-etica-e-inovacao-responsavel-com-dados,12 horas/aula,Direito,Direito e Legislação Social,5
FGV Online,Campanhas Políticas em Ambientes Digitais,https://educacao-executiva.fgv.br/cursos/online/curta-media-duracao-online/campanhas-politicas-em-ambientes-digitais,8 horas/aula,Educação e Humanidades,"Educação, Mídia e Habilidades Digitais",1
FGV Online,Dados e Informação: Entendendo e Formulando Perguntas,https://educacao-executiva.fgv.br/cursos/online/curta-media-duracao-online/dados-e-informacao-entendendo-e-formulando-perguntas,1 horas/aula,Economia e Finanças,Economia e Análise Financeira,3
FGV Online,Introdução à Gestão Financeira Internacional,https://educacao-executiva.fgv.br/cursos/online/curta-media-duracao-online/introducao-gestao-financeira-internacional-1,9 horas/aula,Economia e Finanças,Economia e Análise Financeira,3
FGV Online,Pilares do ESG: Entendendo Métricas de Avaliação nas Organizações,https://educacao-executiva.fgv.br/cursos/online/curta-media-duracao-online/pilares-do-esg-entendendo-metricas-de-avaliacao-nas-organizacoes,1 horas/aula,Economia e Finanças,Economia e Análise Financeira,3
FGV Online,Princípios de Marketing Analytics para Gerar Insights,https://educacao-executiva.fgv.br/cursos/online/curta-media-duracao-online/principios-de-marketing-analytics-para-gerar-insights,1 horas/aula,Marketing e Vendas,Gestão Empresarial e Vendas,0
FGV Online,Modelos de Negócio em Comunicação Digital,https://educacao-executiva.fgv.br/cursos/online/curta-media-duracao-online/modelos-de-negocio-em-comunicacao-digital,2 horas/aula,Estratégia e Negócios,Estratégia de Negócios e Projetos,7
FGV Online,Administração de Vendas: Conceitos Iniciais,https://educacao-executiva.fgv.br/cursos/online/curta-media-duracao-online/administracao-de-vendas-conceitos-iniciais,9 horas/aula,Marketing e Vendas,Gestão Empresarial e Vendas,0
FGV Online,"E-commerce: Noções de Tecnologia, Segurança e Operacionalização",https://educacao-executiva.fgv.br/cursos/online/curta-media-duracao-online/e-commerce-nocoes-de-tecnologia-seguranca-e-operacionalizacao,5 horas/aula,Marketing e Vendas,Gestão Empresarial e Vendas,0
FGV Online,Produção de Conteúdo Digital,https://educacao-executiva.fgv.br/cursos/online/curta-media-duracao-online/producao-de-conteudo-digital,2 horas/aula,Estratégia e Negócios,Estratégia de Negócios e Projetos,7
FGV Online,Kanban e Ferramentas Ágeis de Gestão de Projetos,https://educacao-executiva.fgv.br/cursos/online/curta-media-duracao-online/kanban-e-ferramentas-ageis,5 horas/aula,Estratégia e Negócios,Estratégia de Negócios e Projetos,7
FGV Online,Análise de Derivadas para Estudo do Comportamento de Funções de uma Variável,https://educacao-executiva.fgv.br/cursos/online/curta-media-duracao-online/analise-de-derivadas-para-estudo-do-comportamento-de-funcoes-de-uma-variavel,5 horas/aula,Economia e Finanças,Economia e Análise Financeira,3
FGV Online,Aspectos Gerais das Licitações e Contratações,https://educacao-executiva.fgv.br/cursos/online/curta-media-duracao-online/aspectos-gerais-das-licitacoes-e-contratacoes,8 horas/aula,Direito,Direito e Legislação Social,5
FGV Online,Aspectos Introdutórios de Business Intelligence,https://educacao-executiva.fgv.br/cursos/online/curta-media-duracao-online/aspectos-introdutorios-de-business-intelligence,9 horas/aula,Tecnologia e Ciência de Dados,Ciência de Dados e Análise,4
FGV Online,Cultura Organizacional: Uma Introdução,https://educacao-executiva.fgv.br/cursos/online/curta-media-duracao-online/cultura-organizacional-uma-introducao,6 horas/aula,Liderança e Pessoas,Gestão Empresarial e Vendas,0
FGV Online,Aspectos Introdutórios do Sistema Tributário Nacional,https://educacao-executiva.fgv.br/cursos/online/curta-media-duracao-online/aspectos-introdutorios-do-sistema-tributario-nacional,6 horas/aula,Economia e Finanças,Economia e Análise Financeira,3
FGV Online,Conceitos Iniciais de Logística e Cadeia de Suprimentos,https://educacao-executiva.fgv.br/cursos/online/curta-media-duracao-online/conceitos-iniciais-de-logistica-e-cadeia-de-suprimentos,8 horas/aula,Estratégia e Negócios,Estratégia de Negócios e Projetos,7
FGV Online,Introdução à Gestão da Produção e de Operações sob a Ótica de Supply Chain,https://educacao-executiva.fgv.br/cursos/online/curta-media-duracao-online/introducao-gestao-da-producao-e-de-operacoes-sob-otica-de-supply-chain,5 horas/aula,Estratégia e Negócios,Estratégia de Negócios e Projetos,7
FGV Online,Introdução ao Orçamento Empresarial,https://educacao-executiva.fgv.br/cursos/online/curta-media-duracao-online/introducao-ao-orcamento-empresarial,8 horas/aula,Economia e Finanças,Economia e Análise Financeira,3
FGV Online,Métodos de Análise de Viabilidade de Projetos,https://educacao-executiva.fgv.br/cursos/online/curta-media-duracao-online/metodos-de-analise-de-viabilidade-de-projetos,10 horas/aula,Estratégia e Negócios,Estratégia de Negócios e Projetos,7
FGV Online,Origem e Evolução Histórica do Compliance,https://educacao-executiva.fgv.br/cursos/online/curta-media-duracao-online/origem-e-evolucao-historica-do-compliance,6 horas/aula,Administração Pública,Gestão Empresarial e Vendas,0
FGV Online,Princípios do Direito Ambiental,https://educacao-executiva.fgv.br/cursos/online/curta-media-duracao-online/principios-do-direito-ambiental,7 horas/aula,Direito,Direito e Legislação Social,5
FGV Online,Introdução à Governança Corporativa no Brasil,https://educacao-executiva.fgv.br/cursos/online/curta-media-duracao-online/introducao-governanca-corporativa-no-brasil,9 horas/aula,Administração Pública,Gestão Empresarial e Vendas,0
FGV Online,Introdução à Sociedade por Ações,https://educacao-executiva.fgv.br/cursos/online/curta-media-duracao-online/introducao-sociedade-por-acoes,6 horas/aula,Direito,Direito e Legislação Social,5
FGV Online,Noções Introdutórias do Novo Código de Processo Civil,https://educacao-executiva.fgv.br/cursos/online/curta-media-duracao-online/nocoes-introdutorias-do-novo-codigo-de-processo-civil,12 horas/aula,Direito,Direito e Legislação Social,5
FGV Online,Introdução ao Direito Imobiliário,https://educacao-executiva.fgv.br/cursos/online/curta-media-duracao-online/introducao-ao-direito-imobiliario-2,9 horas/aula,Direito,Direito e Legislação Social,5
FGV Online,Introdução aos Modelos Organizacionais,https://educacao-executiva.fgv.br/cursos/online/curta-media-duracao-online/introducao-aos-modelos-organizacionais,8 horas/aula,Estratégia e Negócios,Estratégia de Negócios e Projetos,7
FGV Online,Visão Geral das Relações de Trabalho,https://educacao-executiva.fgv.br/cursos/online/curta-media-duracao-online/visao-geral-das-relacoes-de-trabalho,6 horas/aula,Direito,Direito e Legislação Social,5
FGV Online,Introdução à Análise de Imagens Históricas,https://educacao-executiva.fgv.br/cursos/online/curta-media-duracao-online/introducao-analise-de-imagens-historicas,3 horas/aula,Educação e Humanidades,"Educação, Mídia e Habilidades Digitais",1
FGV Online,Cooperativismo,https://educacao-executiva.fgv.br/cursos/online/curta-media-duracao-online/cooperativismo,8 horas/aula,Estratégia e Negócios,Estratégia de Negócios e Projetos,7
FGV Online,Referenciais Estratégicos das Organizações,https://educacao-executiva.fgv.br/cursos/online/curta-media-duracao-online/referenciais-estrategicos-das-organizacoes,5 horas/aula,Estratégia e Negócios,Estratégia de Negócios e Projetos,7
FGV Online,Regulação da Inteligência Artificial,https://educacao-executiva.fgv.br/cursos/online/curta-media-duracao-online/regulacao-da-inteligencia-artificial,1 horas/aula,Direito,Direito e Legislação Social,5
FGV Online,Regulação da Transformação Digital,https://educacao-executiva.fgv.br/cursos/online/curta-media-duracao-online/regulacao-da-transformacao-digital,1 horas/aula,Direito,Direito e Legislação Social,5
FGV Online,TI como Elemento Estratégico nas Organizações,https://educacao-executiva.fgv.br/cursos/online/curta-media-duracao-online/ti-como-elemento-estrategico-nas-organizacoes,6 horas/aula,Tecnologia e Ciência de Dados,Ciência de Dados e Análise,4
FGV Online,Clássicos da Sociologia,https://educacao-executiva.fgv.br/cursos/online/curta-media-duracao-online/classicos-da-sociologia,2 horas/aula,Educação e Humanidades,"Educação, Mídia e Habilidades Digitais",1
FGV Online,Fundamentos da Política Nuclear Global,https://educacao-executiva.fgv.br/cursos/online/curta-media-duracao-online/fundamentos-da-politica-nuclear-global,30 horas/aula,Relações Internacionais,Gestão Empresarial e Vendas,0
FGV Online,LaTeX,https://educacao-executiva.fgv.br/cursos/online/curta-media-duracao-online/latex,15 horas/aula,Educação e Humanidades,"Educação, Mídia e Habilidades Digitais",1
FGV Online,Introdução a Finanças e Métodos de Avaliação de Projetos,https://educacao-executiva.fgv.br/cursos/online/curta-media-duracao-online/introducao-financas-e-metodos-de-avaliacao-de-projetos,3 horas/aula,Economia e Finanças,Economia e Análise Financeira,3
FGV Online,Introdução à Internacionalização de Empresas,https://educacao-executiva.fgv.br/cursos/online/curta-media-duracao-online/introducao-internacionalizacao-de-empresas,10 horas/aula,Relações Internacionais,Gestão Empresarial e Vendas,0
FGV Online,Memória e Patrimônio: Conceitos e Reflexões,https://educacao-executiva.fgv.br/cursos/online/curta-media-duracao-online/memoria-e-patrimonio-conceitos-e-reflexoes,10 horas/aula,Educação e Humanidades,"Educação, Mídia e Habilidades Digitais",1
FGV Online,Avaliação de Impacto,https://educacao-executiva.fgv.br/cursos/online/curta-media-duracao-online/avaliacao-de-impacto,30 horas/aula,Economia e Finanças,Economia e Análise Financeira,3
FGV Online,Relações Internacionais: Transição Hegemônica,https://educacao-executiva.fgv.br/cursos/online/curta-media-duracao-online/relacoes-internacionais-transicao-hegemonica,2 horas/aula,Relações Internacionais,Gestão Empresarial e Vendas,0
FGV Online,Presidencialismo de Coalizão,https://educacao-executiva.fgv.br/cursos/online/curta-media-duracao-online/presidencialismo-de-coalizao,5 horas/aula,Educação e Humanidades,"Educação, Mídia e Habilidades Digitais",1
FGV Online,Transformação Digital da Comunicação,https://educacao-executiva.fgv.br/cursos/online/curta-media-duracao-online/transformacao-digital-da-comunicacao,14 horas/aula,Estratégia e Negócios,Estratégia de Negócios e Projetos,7
FGV Online,Introdução ao Git e GitHub,https://educacao-executiva.fgv.br/cursos/online/curta-media-duracao-online/introducao-ao-git-e-github,15 horas/aula,Tecnologia e Ciência de Dados,Ciência de Dados e Análise,4
FGV Online,Saúde Mental no Ambiente de Trabalho,https://educacao-executiva.fgv.br/cursos/online/curta-media-duracao-online/saude-mental-no-ambiente-de-trabalho,1 horas/aula,Gestão de Setores Específicos,Gestão Empresarial e Vendas,0
FGV Online,ESG: Conceitos Básicos,https://educacao-executiva.fgv.br/cursos/online/curta-media-duracao-online/esg-conceitos-basicos,8 horas/aula,Estratégia e Negócios,Estratégia de Negócios e Projetos,7
FGV Online,Identificação de Riscos Cibernéticos,https://educacao-executiva.fgv.br/cursos/online/curta-media-duracao-online/identificacao-de-riscos-ciberneticos,5 horas/aula,Tecnologia e Ciência de Dados,Ciência de Dados e Análise,4
FGV Online,Pressupostos da Responsabilidade Civil,https://educacao-executiva.fgv.br/cursos/online/curta-media-duracao-online/pressupostos-da-responsabilidade-civil,10 horas/aula,Direito,Direito e Legislação Social,5
FGV Online,Introdução à Gestão Sustentável da Cadeia de Suprimentos,https://educacao-executiva.fgv.br/cursos/online/curta-media-duracao-online/introducao-gestao-sustentavel-da-cadeia-de-suprimentos,6 horas/aula,Estratégia e Negócios,Estratégia de Negócios e Projetos,7
FGV Online,Introdução aos Sistemas de Segmentação e Recomendação,https://educacao-executiva.fgv.br/cursos/online/curta-media-duracao-online/introducao-aos-sistemas-de-segmentacao-e-recomendacao,6 horas/aula,Marketing e Vendas,Gestão Empresarial e Vendas,0
FGV Online,Introdução à Sociedade Limitada,https://educacao-executiva.fgv.br/cursos/online/curta-media-duracao-online/introducao-sociedade-limitada,4 horas/aula,Direito,Direito e Legislação Social,5
FGV Online,Introdução aos Canais de Distribuição,https://educacao-executiva.fgv.br/cursos/online/curta-media-duracao-online/introducao-aos-canais-de-distribuicao,6 horas/aula,Marketing e Vendas,Gestão Empresarial e Vendas,0
FGV Online,Introdução à Experiência do Usuário (UX),https://educacao-executiva.fgv.br/cursos/online/curta-media-duracao-online/introducao-experiencia-do-usuario-ux,9 horas/aula,Marketing e Vendas,Gestão Empresarial e Vendas,0
FGV Online,Seleção e Relacionamento com Fornecedores,https://educacao-executiva.fgv.br/cursos/online/curta-media-duracao-online/selecao-e-relacionamento-com-fornecedores,6 horas/aula,Estratégia e Negócios,Estratégia de Negócios e Projetos,7
FGV Online,Gêneros da Linguagem,https://educacao-executiva.fgv.br/cursos/online/curta-media-duracao-online/generos-da-linguagem,2 horas/aula,Educação e Humanidades,"Educação, Mídia e Habilidades Digitais",1
FGV Online,Introdução à Logística Internacional,https://educacao-executiva.fgv.br/cursos/online/curta-media-duracao-online/introducao-logistica-internacional,5 horas/aula,Estratégia e Negócios,Estratégia de Negócios e Projetos,7
FGV Online,Filosofia e Ética: a Democracia Liberal e suas Críticas,https://educacao-executiva.fgv.br/cursos/online/curta-media-duracao-online/filosofia-e-etica-democracia-liberal-e-suas-criticas,2 horas/aula,Educação e Humanidades,"Educação, Mídia e Habilidades Digitais",1
FGV Online,Ideação de uma Startup: Principais Aspectos Legais,https://educacao-executiva.fgv.br/cursos/online/curta-media-duracao-online/ideacao-de-uma-startup-principais-aspectos-legais,6 horas/aula,Direito,Direito e Legislação Social,5
FGV Online,Noções Gerais de Auditoria,https://educacao-executiva.fgv.br/cursos/online/curta-media-duracao-online/nocoes-gerais-de-auditoria,8 horas/aula,Economia e Finanças,Economia e Análise Financeira,3
FGV Online,Fundamentos Aplicados a Corporate Finance,https://educacao-executiva.fgv.br/cursos/online/curta-media-duracao-online/fundamentos-aplicados-corporate-finance,4 horas/aula,Economia e Finanças,Economia e Análise Financeira,3
FGV Online,Introdução à Inteligência Artificial: Conceitos Básicos,https://educacao-executiva.fgv.br/cursos/online/curta-media-duracao-online/introducao-inteligencia-artificial-conceitos-basicos,1 horas/aula,Tecnologia e Ciência de Dados,Ciência de Dados e Análise,4
FGV Online,Fundamentos da Gestão por Processos,https://educacao-executiva.fgv.br/cursos/online/curta-media-duracao-online/fundamentos-da-gestao-por-processos,14 horas/aula,Estratégia e Negócios,Estratégia de Negócios e Projetos,7
FGV Online,IA Generativa e o ChatGPT: Potencializando o Trabalho e Ganhando Eficiência,https://educacao-executiva.fgv.br/cursos/online/curta-media-duracao-online/ia-generativa-e-o-chatgpt-potencializando-o-trabalho-e-ganhando-eficiencia,1 horas/aula,Tecnologia e Ciência de Dados,Ciência de Dados e Análise,4
FGV Online,Introdução ao Processo de Inovação,https://educacao-executiva.fgv.br/cursos/online/curta-media-duracao-online/introducao-ao-processo-de-inovacao,6 horas/aula,Estratégia e Negócios,Estratégia de Negócios e Projetos,7
FGV Online,Habilidades-chave para o Cuidado de Pacientes Críticos,https://educacao-executiva.fgv.br/cursos/online/curta-media-duracao-online/habilidades-chave-para-o-cuidado-de-pacientes-criticos,8 horas/aula,Gestão de Setores Específicos,Gestão Empresarial e Vendas,0
FGV Online,IA Generativa nas Aulas: Usando o Recurso a Nosso Favor,https://educacao-executiva.fgv.br/cursos/online/curta-media-duracao-online/ia-generativa-nas-aulas-usando-o-recurso-nosso-favor,1 horas/aula,Educação e Humanidades,"Educação, Mídia e Habilidades Digitais",1
FGV Online,Desenvolvimento de Sistemas Web: CSS e HTML,https://educacao-executiva.fgv.br/cursos/online/curta-media-duracao-online/desenvolvimento-de-sistemas-web-css-e-html,15 horas/aula,Tecnologia e Ciência de Dados,Ciência de Dados e Análise,4
FGV Online,O Conceito de Habitus na Teoria Sociológica,https://educacao-executiva.fgv.br/cursos/online/curta-media-duracao-online/o-conceito-de-habitus-na-teoria-sociologica,2 horas/aula,Educação e Humanidades,"Educação, Mídia e Habilidades Digitais",1
FGV Online,Direito das Mudanças Climáticas na Prática Judiciária,https://educacao-executiva.fgv.br/cursos/online/curta-media-duracao-online/direito-das-mudancas-climaticas-na-pratica-judiciaria,20 horas/aula,Direito,Direito e Legislação Social,5
FGV Online,IA como Ferramenta de Aprendizagem e Pesquisa,https://educacao-executiva.fgv.br/cursos/online/curta-media-duracao-online/ia-como-ferramenta-de-aprendizagem-e-pesquisa,15 horas/aula,Educação e Humanidades,"Educação, Mídia e Habilidades Digitais",1
FGV Online,SQL - Structured Query Language,https://educacao-executiva.fgv.br/cursos/online/curta-media-duracao-online/sql-structured-query-language,24 horas/aula,Tecnologia e Ciência de Dados,Ciência de Dados e Análise,4
FGV Online,Outras Ferramentas para Uso Didático - Ampliando as Possibilidades da IA em Sala de Aula,https://educacao-executiva.fgv.br/cursos/online/curta-media-duracao-online/outras-ferramentas-para-uso-didatico-ampliando-possibilidades-da-ia-em-sala-de-aula,1 horas/aula,Tecnologia e Ciência de Dados,Ciência de Dados e Análise,4
FGV Online,Excel para Ciência de Dados – Básico,https://educacao-executiva.fgv.br/cursos/online/curta-media-duracao-online/excel-para-ciencia-de-dados-basico,15 horas/aula,Tecnologia e Ciência de Dados,Ciência de Dados e Análise,4
FGV Online,Princípios da Ética na Era da Inteligência Artificial,https://educacao-executiva.fgv.br/cursos/online/curta-media-duracao-online/principios-da-etica-na-era-da-inteligencia-artificial,4 horas/aula,Tecnologia e Ciência de Dados,Ciência de Dados e Análise,4
FGV Online,Fundamentos do Compliance Trabalhista,https://educacao-executiva.fgv.br/cursos/online/curta-media-duracao-online/fundamentos-do-compliance-trabalhista,8 horas/aula,Direito,Direito e Legislação Social,5
FGV Online,Mercado de Capitais: Conceitos Básicos,https://educacao-executiva.fgv.br/cursos/online/curta-media-duracao-online/mercado-de-capitais-conceitos-basicos,9 horas/aula,Economia e Finanças,Economia e Análise Financeira,3
FGV Online,Princípios do Direito Sindical e dos Conflitos Coletivos de Trabalho,https://educacao-executiva.fgv.br/cursos/online/curta-media-duracao-online/principios-do-direito-sindical-e-dos-conflitos-coletivos-de-trabalho,14 horas/aula,Direito,Direito e Legislação Social,5
FGV Online,Fundamentos de Marketing,https://educacao-executiva.fgv.br/cursos/online/curta-media-duracao-online/fundamentos-del-marketing,5 horas/aula,Marketing e Vendas,Gestão Empresarial e Vendas,0
FGV Online,Arte e Sociedade,https://educacao-executiva.fgv.br/cursos/online/curta-media-duracao-online/arte-e-sociedade,2 horas/aula,Educação e Humanidades,"Educação, Mídia e Habilidades Digitais",1
FGV Online,Introdução a 3MT Three Minute Thesis Competition,https://educacao-executiva.fgv.br/cursos/online/curta-media-duracao-online/introducao-3mt-three-minute-thesis-competition,1 horas/aula,Estratégia e Negócios,Estratégia de Negócios e Projetos,7
FGV Online,Introdução às Finanças Corporativas Sustentáveis,https://educacao-executiva.fgv.br/cursos/online/curta-media-duracao-online/introducao-financas-corporativas-sustentaveis,3 horas/aula,Economia e Finanças,Economia e Análise Financeira,3
FGV Online,Temas da sociologia brasileira,https://educacao-executiva.fgv.br/cursos/online/curta-media-duracao-online/temas-da-sociologia-brasileira,2 horas/aula,Educação e Humanidades,"Educação, Mídia e Habilidades Digitais",1
FGV Online,Aprendizagem Indutiva: Tornando o Processo Mais Significativo e Engajador,https://educacao-executiva.fgv.br/cursos/online/curta-media-duracao-online/aprendizagem-indutiva-tornando-o-processo-mais-significativo-e-engajador,1 horas/aula,Educação e Humanidades,"Educação, Mídia e Habilidades Digitais",1
FGV Online,Pressupostos e Elementos do Dissídio Coletivo de Natureza Econômica,https://educacao-executiva.fgv.br/cursos/online/curta-media-duracao-online/pressupostos-e-elementos-do-dissidio-coletivo-de-natureza-economica,5 horas/aula,Direito,Direito e Legislação Social,5
FGV Online,Colaboração e Engajamento em Grupo,https://educacao-executiva.fgv.br/cursos/online/curta-media-duracao-online/colaboracao-e-engajamento-em-grupo,1 horas/aula,Educação e Humanidades,"Educação, Mídia e Habilidades Digitais",1
FGV Online,Como organizar o orçamento familiar,https://educacao-executiva.fgv.br/cursos/online/curta-media-duracao-online/como-organizar-o-orcamento-familiar,12 horas/aula,Economia e Finanças,Economia e Análise Financeira,3
FGV Online,Como planejar a aposentadoria,https://educacao-executiva.fgv.br/cursos/online/curta-media-duracao-online/como-planejar-aposentadoria,10 horas/aula,Economia e Finanças,Economia e Análise Financeira,3
FGV Online,Direito de Família,https://educacao-executiva.fgv.br/cursos/online/curta-media-duracao-online/direito-de-familia,2 horas/aula,Direito,Direito e Legislação Social,5
FGV Online,Imagem e Direitos na Web,https://educacao-executiva.fgv.br/cursos/online/curta-media-duracao-online/imagem-e-direitos-na-web,4 horas/aula,Educação e Humanidades,"Educação, Mídia e Habilidades Digitais",1
FGV Online,Introdução às relações de consumo e aos direitos básicos,https://educacao-executiva.fgv.br/cursos/online/curta-media-duracao-online/introducao-relacoes-de-consumo-e-aos-direitos-basicos,5 horas/aula,Direito,Direito e Legislação Social,5
FGV Online,Planejamento do gerenciamento e identificação de riscos em projetos,https://educacao-executiva.fgv.br/cursos/online/curta-media-duracao-online/planejamento-do-gerenciamento-e-identificacao-de-riscos-em-projetos,5 horas/aula,Estratégia e Negócios,Estratégia de Negócios e Projetos,7
FGV Online,Quiz: Jogo das Regras Ortográficas - Reconhecendo Texto e Contexto,https://educacao-executiva.fgv.br/cursos/online/curta-media-duracao-online/quiz-jogo-das-regras-ortograficas-reconhecendo-texto-e-contexto,15 horas/aula,Educação e Humanidades,"Educação, Mídia e Habilidades Digitais",1
FGV Online,Relações Étnicos-Raciais no Brasil: Período Colonial,https://educacao-executiva.fgv.br/cursos/online/curta-media-duracao-online/relacoes-etnicos-raciais-no-brasil-periodo-colonial,5 horas/aula,Educação e Humanidades,"Educação, Mídia e Habilidades Digitais",1
FGV Online,Como Gastar Conscientemente,https://educacao-executiva.fgv.br/cursos/online/curta-media-duracao-online/como-gastar-conscientemente,8 horas/aula,Economia e Finanças,Economia e Análise Financeira,3
FGV Online,Como fazer investimentos 1,https://educacao-executiva.fgv.br/cursos/online/curta-media-duracao-online/como-fazer-investimentos-1,12 horas/aula,Economia e Finanças,Economia e Análise Financeira,3
FGV Online,Como fazer investimentos 2,https://educacao-executiva.fgv.br/cursos/online/curta-media-duracao-online/como-fazer-investimentos-2,8 horas/aula,Economia e Finanças,Economia e Análise Financeira,3
FGV Online,Fundamentos das Relações Internacionais,https://educacao-executiva.fgv.br/cursos/online/curta-media-duracao-online/fundamentos-das-relacoes-internacionais,30 horas/aula,Relações Internacionais,Gestão Empresarial e Vendas,0
FGV Online,Introdução à Comunicação na Era Digital,https://educacao-executiva.fgv.br/cursos/online/curta-media-duracao-online/introducao-comunicacao-na-era-digital,5 horas/aula,Marketing e Vendas,Gestão Empresarial e Vendas,0
FGV Online,Redes Sociais: Conceitos e Organização,https://educacao-executiva.fgv.br/cursos/online/curta-media-duracao-online/redes-sociais-conceitos-e-organizacao,5 horas/aula,Marketing e Vendas,Gestão Empresarial e Vendas,0
Escola Virtual Fundação Bradesco,Administrando Banco de Dados,https://www.ev.org.br/cursos,,,Ciência de Dados e Análise,4
Escola Virtual Fundação Bradesco,AI-900 - Fundamentos de IA no Azure,https://www.ev.org.br/cursos,,,Plataformas e Inteligência Artificial,6
Escola Virtual Fundação Bradesco,Análise de Balanços,https://www.ev.org.br/cursos,,,Plataformas e Inteligência Artificial,6
Escola Virtual Fundação Bradesco,Análise de Dados no Power BI,https://www.ev.org.br/cursos,,,Ciência de Dados e Análise,4
Escola Virtual Fundação Bradesco,Atendimento ao Público,https://www.ev.org.br/cursos,,,Plataformas e Inteligência Artificial,6
Escola Virtual Fundação Bradesco,Boas Práticas na Produção de Videoaulas,https://www.ev.org.br/cursos,,,Plataformas e Inteligência Artificial,6
Escola Virtual Fundação Bradesco,Como Conseguir um Novo Emprego,https://www.ev.org.br/cursos,,,Plataformas e Inteligência Artificial,6
Escola Virtual Fundação Bradesco,Comunicação e Mobilização com IA,https://www.ev.org.br/cursos,,,Plataformas e Inteligência Artificial,6
Escola Virtual Fundação Bradesco,Comunicação Empresarial,https://www.ev.org.br/cursos,,,Plataformas e Inteligência Artificial,6
Escola Virtual Fundação Bradesco,Comunicação Escrita,https://www.ev.org.br/cursos,,,Plataformas e Inteligência Artificial,6
Escola Virtual Fundação Bradesco,Conceitos de Aprendizagem Criativa,https://www.ev.org.br/cursos,,,Plataformas e Inteligência Artificial,6
Escola Virtual Fundação Bradesco,Construindo minha Proteção Financeira,https://www.ev.org.br/cursos,,,Plataformas e Inteligência Artificial,6
Escola Virtual Fundação Bradesco,Contabilidade Empresarial,https://www.ev.org.br/cursos,,,Plataformas e Inteligência Artificial,6
Escola Virtual Fundação Bradesco,"Controle de Impulso e Manejo de Raiva, Vergonha e Inveja",https://www.ev.org.br/cursos,,,Plataformas e Inteligência Artificial,6
Escola Virtual Fundação Bradesco,Criando um Projeto com Interface Gráfica Utilizando a Linguagem Python,https://www.ev.org.br/cursos,,,Plataformas e Inteligência Artificial,6
Escola Virtual Fundação Bradesco,"Crie um site simples usando HTML, CSS e JavaScript",https://www.ev.org.br/cursos,,,Plataformas e Inteligência Artificial,6
Escola Virtual Fundação Bradesco,Cultura Digital,https://www.ev.org.br/cursos,,,Plataformas e Inteligência Artificial,6
Escola Virtual Fundação Bradesco,Desenvolvendo Aplicações Mobile com Android Studio,https://www.ev.org.br/cursos,,,Plataformas e Inteligência Artificial,6
Escola Virtual Fundação Bradesco,Desenvolvendo um Projeto Completo Python com Estruturas de Dados,https://www.ev.org.br/cursos,,,Plataformas e Inteligência Artificial,6
Escola Virtual Fundação Bradesco,Desenvolvimento Orientado a Objetos Utilizando a Linguagem Python,https://www.ev.org.br/cursos,,,Plataformas e Inteligência Artificial,6
Escola Virtual Fundação Bradesco,Desenvolvimento Profissional,https://www.ev.org.br/cursos,,,Plataformas e Inteligência Artificial,6
Escola Virtual Fundação Bradesco,Design Thinking para Educadores,https://www.ev.org.br/cursos,,,Plataformas e Inteligência Artificial,6
Escola Virtual Fundação Bradesco,Edição de Fotos e Vídeos com Windows 10,https://www.ev.org.br/cursos,,,Plataformas e Inteligência Artificial,6
Escola Virtual Fundação Bradesco,Educação Financeira,https://www.ev.org.br/cursos,,,"Educação, Mídia e Habilidades Digitais",1
Escola Virtual Fundação Bradesco,EDUCAÇÃO INCLUSIVA,https://www.ev.org.br/cursos,,,"Educação, Mídia e Habilidades Digitais",1
Escola Virtual Fundação Bradesco,Empreendedorismo e Inovação,https://www.ev.org.br/cursos,,,Plataformas e Inteligência Artificial,6
Escola Virtual Fundação Bradesco,Estratégia de Negócios,https://www.ev.org.br/cursos,,,Estratégia de Negócios e Projetos,7
Escola Virtual Fundação Bradesco,Ética na Era da IA,https://www.ev.org.br/cursos,,,Plataformas e Inteligência Artificial,6
Escola Virtual Fundação Bradesco,Excel na Prática,https://www.ev.org.br/cursos,,,Plataformas e Inteligência Artificial,6
Escola Virtual Fundação Bradesco,FluêncIA,https://www.ev.org.br/cursos,,,Plataformas e Inteligência Artificial,6
Escola Virtual Fundação Bradesco,Fotografias com Dispositivos Móveis,https://www.ev.org.br/cursos,,,Plataformas e Inteligência Artificial,6
Escola Virtual Fundação Bradesco,Fundamentos de TI: Hardware e Software,https://www.ev.org.br/cursos,,,Plataformas e Inteligência Artificial,6
Escola Virtual Fundação Bradesco,Fundamentos do Design Gráfico,https://www.ev.org.br/cursos,,,Plataformas e Inteligência Artificial,6
Escola Virtual Fundação Bradesco,IA na Prática: Como Dados bem Estruturados fazem a Diferença,https://www.ev.org.br/cursos,,,Plataformas e Inteligência Artificial,6
Escola Virtual Fundação Bradesco,IA para Profissionais da Justiça,https://www.ev.org.br/cursos,,,Plataformas e Inteligência Artificial,6
Escola Virtual Fundação Bradesco,IA para profissionais do Direito,https://www.ev.org.br/cursos,,,Direito e Legislação Social,5
Escola Virtual Fundação Bradesco,IA para seu novo emprego: Do currículo à entrevista,https://www.ev.org.br/cursos,,,Plataformas e Inteligência Artificial,6
Escola Virtual Fundação Bradesco,Implementando Banco de Dados,https://www.ev.org.br/cursos,,,Ciência de Dados e Análise,4
Escola Virtual Fundação Bradesco,Inclusividade,https://www.ev.org.br/cursos,,,Plataformas e Inteligência Artificial,6
Escola Virtual Fundação Bradesco,Inteligência Artificial e o Novo Contexto da Cultura Digital,https://www.ev.org.br/cursos,,,Plataformas e Inteligência Artificial,6
Escola Virtual Fundação Bradesco,Inteligência Artificial para Educadores,https://www.ev.org.br/cursos,,,Plataformas e Inteligência Artificial,6
Escola Virtual Fundação Bradesco,Inteligência Artificial para Estudantes,https://www.ev.org.br/cursos,,,Plataformas e Inteligência Artificial,6
Escola Virtual Fundação Bradesco,Inteligência Artificial para ONGs,https://www.ev.org.br/cursos,,,Plataformas e Inteligência Artificial,6
Escola Virtual Fundação Bradesco,Inteligência Artificial para Pequenas e Médias Empresas,https://www.ev.org.br/cursos,,,Plataformas e Inteligência Artificial,6
Escola Virtual Fundação Bradesco,Introdução à Administração,https://www.ev.org.br/cursos,,,Plataformas e Inteligência Artificial,6
Escola Virtual Fundação Bradesco,Introdução à Análise de Dados - Microsoft Power BI,https://www.ev.org.br/cursos,,,Ciência de Dados e Análise,4
Escola Virtual Fundação Bradesco,Introdução à Gestão de Projetos,https://www.ev.org.br/cursos,,,Gestão Empresarial e Vendas,0
Escola Virtual Fundação Bradesco,Introdução à Programação Orientada a Objetos (POO),https://www.ev.org.br/cursos,,,Plataformas e Inteligência Artificial,6
Escola Virtual Fundação Bradesco,Introdução ao Scratch: Linguagem de Programação na Computação Criativa,https://www.ev.org.br/cursos,,,Plataformas e Inteligência Artificial,6
Escola Virtual Fundação Bradesco,Lei Geral de Proteção de Dados (LGPD),https://www.ev.org.br/cursos,,,Ciência de Dados e Análise,4
Escola Virtual Fundação Bradesco,Letramento Digital,https://www.ev.org.br/cursos,,,Plataformas e Inteligência Artificial,6
Escola Virtual Fundação Bradesco,Língua Portuguesa sem Complicações,https://www.ev.org.br/cursos,,,Plataformas e Inteligência Artificial,6
Escola Virtual Fundação Bradesco,Linguagem de Programação Python - Básico,https://www.ev.org.br/cursos,,,Plataformas e Inteligência Artificial,6
Escola Virtual Fundação Bradesco,Matemática Financeira com o uso da HP 12C,https://www.ev.org.br/cursos,,,Plataformas e Inteligência Artificial,6
Escola Virtual Fundação Bradesco,Microsoft Excel 2016 - Avançado,https://www.ev.org.br/cursos,,,Plataformas e Inteligência Artificial,6
Escola Virtual Fundação Bradesco,Microsoft Excel 2016 - Básico,https://www.ev.org.br/cursos,,,Plataformas e Inteligência Artificial,6
Escola Virtual Fundação Bradesco,Microsoft Excel 2016 - Intermediário,https://www.ev.org.br/cursos,,,Plataformas e Inteligência Artificial,6
Escola Virtual Fundação Bradesco,Microsoft Office 365 - Conhecendo o OneDrive,https://www.ev.org.br/cursos,,,Plataformas e Inteligência Artificial,6
Escola Virtual Fundação Bradesco,Microsoft Office 365 - Conhecendo o OneNote,https://www.ev.org.br/cursos,,,Plataformas e Inteligência Artificial,6
Escola Virtual Fundação Bradesco,Microsoft Office 365 - Conhecendo o Outlook,https://www.ev.org.br/cursos,,,Plataformas e Inteligência Artificial,6
Escola Virtual Fundação Bradesco,Microsoft Office 365 - Conhecendo o Planner,https://www.ev.org.br/cursos,,,Plataformas e Inteligência Artificial,6
Escola Virtual Fundação Bradesco,Microsoft Office 365 - Conhecendo o Teams,https://www.ev.org.br/cursos,,,Plataformas e Inteligência Artificial,6
Escola Virtual Fundação Bradesco,Microsoft PowerPoint 2016 - Avançado,https://www.ev.org.br/cursos,,,Plataformas e Inteligência Artificial,6
Escola Virtual Fundação Bradesco,Microsoft PowerPoint 2016 - Básico,https://www.ev.org.br/cursos,,,Plataformas e Inteligência Artificial,6
Escola Virtual Fundação Bradesco,Microsoft Word 2016 - Avançado,https://www.ev.org.br/cursos,,,Plataformas e Inteligência Artificial,6
Escola Virtual Fundação Bradesco,Microsoft Word 2016 - Básico,https://www.ev.org.br/cursos,,,Plataformas e Inteligência Artificial,6
Escola Virtual Fundação Bradesco,Microsoft Word 2016 - Intermediário,https://www.ev.org.br/cursos,,,Plataformas e Inteligência Artificial,6
Escola Virtual Fundação Bradesco,Modelagem de Dados,https://www.ev.org.br/cursos,,,Ciência de Dados e Análise,4
Escola Virtual Fundação Bradesco,Modelando Dados no Power BI,https://www.ev.org.br/cursos,,,Ciência de Dados e Análise,4
Escola Virtual Fundação Bradesco,Oficina de Língua Portuguesa (Gramática),https://www.ev.org.br/cursos,,,Plataformas e Inteligência Artificial,6
Escola Virtual Fundação Bradesco,Organização Pessoal,https://www.ev.org.br/cursos,,,Plataformas e Inteligência Artificial,6
Escola Virtual Fundação Bradesco,Pensamento Computacional,https://www.ev.org.br/cursos,,,Plataformas e Inteligência Artificial,6
Escola Virtual Fundação Bradesco,Postura e Imagem Profissional,https://www.ev.org.br/cursos,,,Plataformas e Inteligência Artificial,6
Escola Virtual Fundação Bradesco,PowerPoint na Prática,https://www.ev.org.br/cursos,,,Plataformas e Inteligência Artificial,6
Escola Virtual Fundação Bradesco,Preparando Dados para Análise - Microsoft Power BI,https://www.ev.org.br/cursos,,,Ciência de Dados e Análise,4
Escola Virtual Fundação Bradesco,Processo de Julgamento e Tomada de Decisões Responsáveis,https://www.ev.org.br/cursos,,,Plataformas e Inteligência Artificial,6
Escola Virtual Fundação Bradesco,Projetos de Sistemas de TI,https://www.ev.org.br/cursos,,,Plataformas e Inteligência Artificial,6
Escola Virtual Fundação Bradesco,Qualidade de Vida e Trabalho,https://www.ev.org.br/cursos,,,Plataformas e Inteligência Artificial,6
Escola Virtual Fundação Bradesco,Recursos Educacionais Abertos (REA),https://www.ev.org.br/cursos,,,Plataformas e Inteligência Artificial,6
Escola Virtual Fundação Bradesco,Regulação da Preocupação e da Ansiedade,https://www.ev.org.br/cursos,,,Plataformas e Inteligência Artificial,6
Escola Virtual Fundação Bradesco,Resiliência,https://www.ev.org.br/cursos,,,Plataformas e Inteligência Artificial,6
Escola Virtual Fundação Bradesco,Responsabilidade Social e Sustentabilidade,https://www.ev.org.br/cursos,,,Plataformas e Inteligência Artificial,6
Escola Virtual Fundação Bradesco,"Scratch, suas extensões e computação física",https://www.ev.org.br/cursos,,,Plataformas e Inteligência Artificial,6
Escola Virtual Fundação Bradesco,Segurança em Tecnologia da Informação,https://www.ev.org.br/cursos,,,Plataformas e Inteligência Artificial,6
Escola Virtual Fundação Bradesco,SharePoint,https://www.ev.org.br/cursos,,,Plataformas e Inteligência Artificial,6
Escola Virtual Fundação Bradesco,Soluções de IA no GitHub,https://www.ev.org.br/cursos,,,Plataformas e Inteligência Artificial,6
Escola Virtual Fundação Bradesco,Visualizando Dados no Power BI,https://www.ev.org.br/cursos,,,Ciência de Dados e Análise,4
Escola Virtual Fundação Bradesco,Word na Prática,https://www.ev.org.br/cursos,,,Plataformas e Inteligência Artificial,6
Coursera,Análise de dados do Google,https://www.coursera.org/professional-certificates/google-data-analytics,,,Ciência de Dados e Análise,4
Coursera,Gestão de projetos no Google,https://www.coursera.org/professional-certificates/google-project-management,,,Plataformas e Inteligência Artificial,6
Coursera,Segurança cibernética do Google,https://www.coursera.org/professional-certificates/google-cybersecurity,,,Plataformas e Inteligência Artificial,6
Coursera,Marketing digital e comércio eletrônico do Google,https://www.coursera.org/professional-certificates/google-digital-marketing-ecommerce,,,Plataformas e Inteligência Artificial,6
Coursera,Suporte de TI do Google,https://www.coursera.org/professional-certificates/google-it-support,,,Plataformas e Inteligência Artificial,6
Coursera,Design de UX no Google,https://www.coursera.org/professional-certificates/google-ux-design,,,Plataformas e Inteligência Artificial,6
Coursera,IBM Generative AI Engineering,https://www.coursera.org/professional-certificates/ibm-generative-ai-engineering,,,Plataformas e Inteligência Artificial,6
Coursera,Analista de dados da IBM,https://www.coursera.org/professional-certificates/ibm-data-analyst,,,Ciência de Dados e Análise,4
Coursera,Google Advanced Data Analytics,https://www.coursera.org/professional-certificates/google-advanced-data-analytics,,,Plataformas e Inteligência Artificial,6
Coursera,Desenvolvedor de IA da IBM,https://www.coursera.org/professional-certificates/applied-artifical-intelligence-ibm-watson-ai,,,Plataformas e Inteligência Artificial,6
Coursera,Ciência de dados da IBM,https://www.coursera.org/professional-certificates/ibm-data-science,,,Ciência de Dados e Análise,4
Coursera,Google IT Automation with Python,https://www.coursera.org/professional-certificates/google-it-automation,,,Plataformas e Inteligência Artificial,6
Coursera,Gerente de produtos de IA da IBM,https://www.coursera.org/professional-certificates/ibm-ai-product-manager,,,Plataformas e Inteligência Artificial,6
Coursera,Google Business Intelligence,https://www.coursera.org/professional-certificates/google-business-intelligence,,,Plataformas e Inteligência Artificial,6
Coursera,IBM DevOps e Engenharia de Software,https://www.coursera.org/professional-certificates/devops-and-software-engineering,,,Plataformas e Inteligência Artificial,6
Coursera,Desenvolvedor de software full stack da IBM,https://www.coursera.org/professional-certificates/ibm-full-stack-cloud-developer,,,Plataformas e Inteligência Artificial,6
Coursera,Análise de dados IBM com Excel e R,https://www.coursera.org/professional-certificates/ibm-data-analyst-r-excel,,,Ciência de Dados e Análise,4
Coursera,Desenvolvimento de back-end IBM,https://www.coursera.org/professional-certificates/ibm-backend-development,,,Plataformas e Inteligência Artificial,6
Coursera,Engenharia de dados da IBM,https://www.coursera.org/professional-certificates/ibm-data-engineer,,,Ciência de Dados e Análise,4
Coursera,IBM Relational Database Administrator with GenAI,https://www.coursera.org/professional-certificates/ibm-relational-database-administrator,,,Plataformas e Inteligência Artificial,6
Coursera,Analista de dados do Microsoft Power BI,https://www.coursera.org/professional-certificates/microsoft-power-bi-data-analyst,,,Ciência de Dados e Análise,4
Coursera,IBM Data Management,https://www.coursera.org/professional-certificates/ibm-data-manager,,,Plataformas e Inteligência Artificial,6
Coursera,"Engenharia de IA da IBM com Python, PyTorch e TensorFlow",https://www.coursera.org/professional-certificates/ai-engineer,,,Plataformas e Inteligência Artificial,6
Coursera,IBM Business Analyst,https://www.coursera.org/professional-certificates/ibm-business-analyst-professional-certificate,,,Plataformas e Inteligência Artificial,6
Coursera,Especialista em segurança cibernética da IBM e do ISC2,https://www.coursera.org/professional-certificates/ibm-isc2-cybersecurity-specialist,,,Plataformas e Inteligência Artificial,6
Coursera,Desenvolvedor de front-end Meta,https://www.coursera.org/professional-certificates/meta-front-end-developer,,,Plataformas e Inteligência Artificial,6
Coursera,Analista de Cibersegurança da IBM,https://www.coursera.org/professional-certificates/ibm-cybersecurity-analyst,,,Plataformas e Inteligência Artificial,6
Coursera,Adobe Graphic Designer: Design that Demands Attention,https://www.coursera.org/professional-certificates/adobe-graphic-designer,,,Plataformas e Inteligência Artificial,6
Coursera,Associado de Recursos Humanos da HRCI,https://www.coursera.org/professional-certificates/hrci-human-resource-associate,,,Plataformas e Inteligência Artificial,6
Coursera,DeepLearning.AI Data Engineering,https://www.coursera.org/professional-certificates/data-engineering,,,Plataformas e Inteligência Artificial,6
Coursera,Universidade Estadual do Arizona TESOL,https://www.coursera.org/professional-certificates/arizona-state-university-tesol,,,Plataformas e Inteligência Artificial,6
Coursera,Adobe Marketing Specialist,https://www.coursera.org/professional-certificates/adobe-marketing-specialist,,,Plataformas e Inteligência Artificial,6
Coursera,"IBM Data Architect with SQL, Spark & Kafka",https://www.coursera.org/professional-certificates/ibm-data-architect,,,Plataformas e Inteligência Artificial,6
Coursera,Adobe Content Creator: Launching Your Creative Career,https://www.coursera.org/professional-certificates/adobe-content-creator,,,Plataformas e Inteligência Artificial,6
Coursera,IBM Systems Analyst,https://www.coursera.org/professional-certificates/ibm-systems-analyst,,,Plataformas e Inteligência Artificial,6
Coursera,Suporte de TI da IBM,https://www.coursera.org/professional-certificates/ibm-technical-support,,,Plataformas e Inteligência Artificial,6
Coursera,Microsoft Business Analyst,https://www.coursera.org/professional-certificates/microsoft-business-analyst,,,Plataformas e Inteligência Artificial,6
Coursera,Engenheiro de armazém de dados da IBM,https://www.coursera.org/professional-certificates/data-warehouse-engineering,,,Ciência de Dados e Análise,4
Coursera,Consultor de tecnologia SAP,https://www.coursera.org/professional-certificates/sap-technology-consultant,,,Plataformas e Inteligência Artificial,6
Coursera,DeepLearning.AI Generative AI for Software Development,https://www.coursera.org/professional-certificates/generative-ai-for-software-development,,,Plataformas e Inteligência Artificial,6
Coursera,Desenvolvedor Meta iOS,https://www.coursera.org/professional-certificates/meta-ios-developer,,,Plataformas e Inteligência Artificial,6
Coursera,Desenvolvedor Meta Android,https://www.coursera.org/professional-certificates/meta-android-developer,,,Plataformas e Inteligência Artificial,6
Coursera,Engenharia de DevOps Aplicada da IBM,https://www.coursera.org/professional-certificates/ibm-applied-devops-engineering,,,Plataformas e Inteligência Artificial,6
Coursera,ADP Entry-Level Payroll Specialist,https://www.coursera.org/professional-certificates/adp-payroll-specialist,,,Plataformas e Inteligência Artificial,6
Coursera,Microsoft Project Management: Build Job-Ready Skills,https://www.coursera.org/professional-certificates/microsoft-project-management,,,Plataformas e Inteligência Artificial,6
Coursera,Gerente de Projetos IBM,https://www.coursera.org/professional-certificates/ibm-project-manager,,,Plataformas e Inteligência Artificial,6
Coursera,Meta Marketing Analytics,https://www.coursera.org/professional-certificates/facebook-marketing-analytics,,,Plataformas e Inteligência Artificial,6
Coursera,Desenvolvedor Meta Back-End,https://www.coursera.org/professional-certificates/meta-back-end-developer,,,Plataformas e Inteligência Artificial,6
Coursera,Microsoft Cloud Support Associate,https://www.coursera.org/professional-certificates/microsoft-cloud-support-associate,,,Computação em Nuvem e Certificações,2
Coursera,Microsoft IT Support: Your Launchpad into Tech,https://www.coursera.org/professional-certificates/microsoft-it-support-specialist,,,Plataformas e Inteligência Artificial,6
Coursera,Preparing for Google Cloud Certification: Cloud Architect,https://www.coursera.org/professional-certificates/gcp-cloud-architect,,,Computação em Nuvem e Certificações,2
Coursera,"IBM Deep Learning with PyTorch, Keras and Tensorflow",https://www.coursera.org/professional-certificates/ibm-deep-learning-with-pytorch-keras-tensorflow,,,Plataformas e Inteligência Artificial,6
Coursera,Preparing for Google Cloud Certification: Cloud Engineer,https://www.coursera.org/professional-certificates/cloud-engineering-gcp,,,Computação em Nuvem e Certificações,2
Coursera,Engenheiro de Meta Banco de Dados,https://www.coursera.org/professional-certificates/meta-database-engineer,,,Ciência de Dados e Análise,4
Coursera,Meta Data Analyst with GenAI,https://www.coursera.org/professional-certificates/meta-data-analyst,,,Plataformas e Inteligência Artificial,6
Coursera,Preparing for Google Cloud Certification: Cloud Security Engineer,https://www.coursera.org/professional-certificates/google-cloud-security,,,Computação em Nuvem e Certificações,2
Coursera,Desenvolvedor do TensorFlow para DeepLearning.AI,https://www.coursera.org/professional-certificates/tensorflow-in-practice,,,Plataformas e Inteligência Artificial,6
Coursera,Preparing for Google Cloud Certification: Machine Learning Engineer,https://www.coursera.org/professional-certificates/preparing-for-google-cloud-machine-learning-engineer-professional-certificate,,,Computação em Nuvem e Certificações,2
Coursera,Preparing for Google Cloud Certification: Cloud DevOps Engr,https://www.coursera.org/professional-certificates/sre-devops-engineer-google-cloud,,,Computação em Nuvem e Certificações,2
Coursera,Consultor de tecnologia de nuvem da AWS,https://www.coursera.org/professional-certificates/aws-cloud-technology-consultant,,,Plataformas e Inteligência Artificial,6
Coursera,Preparing for Google Cloud Certification: Cloud Developer,https://www.coursera.org/professional-certificates/google-cloud-developer,,,Computação em Nuvem e Certificações,2
Coursera,Preparing for Google Cloud Certification: Cloud Network Engr,https://www.coursera.org/professional-certificates/google-cloud-networking,,,Computação em Nuvem e Certificações,2
Coursera,IBM UI/UX Designer,https://www.coursera.org/professional-certificates/ibm-ui-ux-designer,,,Plataformas e Inteligência Artificial,6
Coursera,AWS Cloud Support Associate,https://www.coursera.org/professional-certificates/aws-cloud-support-associate,,,Computação em Nuvem e Certificações,2
Coursera,Google Cloud Digital Leader Training,https://www.coursera.org/professional-certificates/google-cloud-digital-leader-training,,,Computação em Nuvem e Certificações,2
Coursera,Microsoft Python Development,https://www.coursera.org/professional-certificates/microsoft-python-developer,,,Plataformas e Inteligência Artificial,6
Coursera,Arquiteto de soluções de nuvem da AWS,https://www.coursera.org/professional-certificates/aws-cloud-solutions-architect,,,Plataformas e Inteligência Artificial,6
Coursera,Analista de business intelligence do Tableau,https://www.coursera.org/professional-certificates/tableau-business-intelligence-analyst,,,Plataformas e Inteligência Artificial,6
Coursera,IBM Program Manager,https://www.coursera.org/professional-certificates/ibm-program-manager,,,Plataformas e Inteligência Artificial,6
Coursera,Operações de vendas da Salesforce,https://www.coursera.org/professional-certificates/salesforce-sales-operations,,,Plataformas e Inteligência Artificial,6
Coursera,Analista de segurança cibernética da Microsoft,https://www.coursera.org/professional-certificates/microsoft-cybersecurity-analyst,,,Plataformas e Inteligência Artificial,6
Coursera,Epic Games Game Design,https://www.coursera.org/professional-certificates/epic-games-game-design-professional-certificate,,,Plataformas e Inteligência Artificial,6
Coursera,Google Cloud Cybersecurity,https://www.coursera.org/professional-certificates/google-cloud-cybersecurity-certificate,,,Computação em Nuvem e Certificações,2
Coursera,Aprendizado de máquina da IBM com Python e Scikit-learn,https://www.coursera.org/professional-certificates/ibm-machine-learning,,,Plataformas e Inteligência Artificial,6
Coursera,Preparing for Google Cloud Certification: Cloud Data Engr,https://www.coursera.org/professional-certificates/gcp-data-engineering,,,Computação em Nuvem e Certificações,2
Coursera,SAP Business Analyst,https://www.coursera.org/professional-certificates/sap-business-analyst,,,Plataformas e Inteligência Artificial,6
Coursera,Keller Williams Real Estate Agent,https://www.coursera.org/professional-certificates/keller-williams-real-estate-agent,,,Plataformas e Inteligência Artificial,6
Coursera,Unilever Supply Chain Data Analyst,https://www.coursera.org/professional-certificates/unilever-supply-chain-data-analyst,,,Plataformas e Inteligência Artificial,6
Coursera,IBM Systems and Solutions Architect,https://www.coursera.org/professional-certificates/ibm-systems-and-solutions-architect,,,Plataformas e Inteligência Artificial,6
Coursera,Profissional de Mainframe IBM z/OS,https://www.coursera.org/professional-certificates/ibm-z-mainframe,,,Plataformas e Inteligência Artificial,6
Coursera,Snowflake Data Engineering,https://www.coursera.org/professional-certificates/snowflake-data-engineering,,,Plataformas e Inteligência Artificial,6
Coursera,SAS Programmer,https://www.coursera.org/professional-certificates/sas-programming,,,Plataformas e Inteligência Artificial,6
Coursera,Snowflake Generative AI,https://www.coursera.org/professional-certificates/snowflake-generative-ai,,,Plataformas e Inteligência Artificial,6
Coursera,Desenvolvedor de mainframe IBM,https://www.coursera.org/professional-certificates/ibm-mainframe-developer,,,Plataformas e Inteligência Artificial,6
Coursera,Atendimento ao cliente do call center da CVS Health,https://www.coursera.org/professional-certificates/cvshealth-call-center-customer-service,,,Plataformas e Inteligência Artificial,6
Coursera,Goodwill® Career Coach e Navigator,https://www.coursera.org/professional-certificates/goodwill-career-coach-and-navigator,,,Plataformas e Inteligência Artificial,6
Coursera,Analista de segurança da informação,https://www.coursera.org/professional-certificates/ec-council-information-security-analyst,,,Plataformas e Inteligência Artificial,6
Coursera,Atendimento ao cliente no varejo da CVS Health,https://www.coursera.org/professional-certificates/cvshealth-retail-customer-service,,,Plataformas e Inteligência Artificial,6
Coursera,Tally Bookkeeper,https://www.coursera.org/professional-certificates/tally-bookkeeper,,,Plataformas e Inteligência Artificial,6
Coursera,Microsoft Program Management,https://www.coursera.org/professional-certificates/microsoft-program-management,,,Plataformas e Inteligência Artificial,6
Coursera,Executivo de Tributação GST da PwC,https://www.coursera.org/professional-certificates/pwc-gst-taxation-executive,,,Plataformas e Inteligência Artificial,6
Coursera,Preparação para o exame Microsoft Azure Developer Associate (AZ-204),https://www.coursera.org/professional-certificates/azure-developer-associate,,,Plataformas e Inteligência Artificial,6
Coursera,Representante de desenvolvimento de vendas da Salesforce,https://www.coursera.org/professional-certificates/sales-development-representative,,,Plataformas e Inteligência Artificial,6
Coursera,Akamai Customer Consulting and Support,https://www.coursera.org/professional-certificates/akamai-customer-consulting-and-support,,,Plataformas e Inteligência Artificial,6
Coursera,Akamai Network Engineering,https://www.coursera.org/professional-certificates/akamai-network-engineering,,,Plataformas e Inteligência Artificial,6
Coursera,Segurança cibernética da Palo Alto Networks,https://www.coursera.org/professional-certificates/palo-alto-networks-cybersecurity-fundamentals,,,Plataformas e Inteligência Artificial,6
Coursera,Preparação para o exame Microsoft Azure Data Scientist Associate (DP-100),https://www.coursera.org/professional-certificates/azure-data-scientist,,,Plataformas e Inteligência Artificial,6
Coursera,MathWorks Computer Vision Engineer,https://www.coursera.org/professional-certificates/mathworks-computer-vision-engineer,,,Plataformas e Inteligência Artificial,6
Coursera,SAS Advanced Programmer,https://www.coursera.org/professional-certificates/sas-advanced-programmer,,,Plataformas e Inteligência Artificial,6
Coursera,IT-поддержка Google,https://www.coursera.org/professional-certificates/google-it-ru,,,Plataformas e Inteligência Artificial,6
Coursera,Marketing digital e e-commerce do Google,https://www.coursera.org/professional-certificates/marketing-digital-e-e-commerce-do-google,,,Plataformas e Inteligência Artificial,6
Coursera,Ciência de dados fractal,https://www.coursera.org/professional-certificates/fractal-data-science,,,Ciência de Dados e Análise,4
Coursera,Google Project Management (PT),https://www.coursera.org/professional-certificates/gestao-de-projetos-do-google,,,Plataformas e Inteligência Artificial,6
Coursera,Suporte em TI do Google,https://www.coursera.org/professional-certificates/suporte-em-ti-do-google,,,Plataformas e Inteligência Artificial,6
Coursera,Google شهادة تقنية المعلومات من,https://www.coursera.org/professional-certificates/google-it-arabic,,,Plataformas e Inteligência Artificial,6
Coursera,CertNexus - Tecnólogo Emergente Ético Certificado,https://www.coursera.org/professional-certificates/certified-ethical-emerging-technologist,,,Plataformas e Inteligência Artificial,6
Coursera,SAS Visual Business Analytics,https://www.coursera.org/professional-certificates/sas-visual-business-analytics,,,Plataformas e Inteligência Artificial,6
Coursera,Preparing for Google Cloud Certification: Cloud Architect Professional Certificate 日本語版,https://www.coursera.org/professional-certificates/gcp-cloud-architect-jp,,,Computação em Nuvem e Certificações,2
Coursera,Google Data Analytics (PT),https://www.coursera.org/professional-certificates/analise-de-dados-do-google,,,Plataformas e Inteligência Artificial,6
Coursera,Google UX Design (PT),https://www.coursera.org/professional-certificates/ux-design-do-google,,,Plataformas e Inteligência Artificial,6
Coursera,CertNexus Certified Artificial Intelligence Practitioner (Profissional Certificado em Inteligência Artificial),https://www.coursera.org/professional-certificates/certified-artificial-intelligence-practitioner,,,Plataformas e Inteligência Artificial,6
Coursera,SAS Statistical Business Analyst,https://www.coursera.org/professional-certificates/sas-statistical-business-analyst,,,Plataformas e Inteligência Artificial,6
Coursera,CertNexus - Profissional certificado em ciência de dados,https://www.coursera.org/professional-certificates/certified-data-science-practitioner,,,Ciência de Dados e Análise,4
Coursera,Soutien des TI de Google,https://www.coursera.org/professional-certificates/soutien-des-ti-de-google,,,Plataformas e Inteligência Artificial,6
Coursera,Apoio Técnico de TI da Google,https://www.coursera.org/professional-certificates/google-it-pt2,,,Plataformas e Inteligência Artificial,6
Coursera,Google IT 지원 수료증 이수 과정,https://www.coursera.org/professional-certificates/google-it-support-korean,,,Plataformas e Inteligência Artificial,6
